name,lat,lng,region,country,source_url,maps_url
"Nahe Elsfleth, Oberhammelwarden, km",53.276713,8.477928,Binnenland,,https://wiki.faltboot.org/wiki/index.php?title=Unterweser/Au%C3%9Fenweser,"https://www.google.com/maps/place/53%C2%B016'38.3%22N+8%C2%B028'58.0%22E/@53.2767128,8.4779278,439m/data=!3m1!1e3!4m19!1m12!4m11!1m3!2m2!1d8.4981983!2d53.3332587!1m6!1m2!1s0x47b6cf270d245849:0x9712cdc98b1e4b66!2sZeltplatz-Harriersand.de,+28790+Schwanewede!2m2!1d8.498885!2d53.3335543!3m5!1s0x0:0x0!7e2!8m2!3d53.277311!4d8.4827881"
"km 53,5 links, ehemalige Fährrampe Kleinensiel (gegenüber Dedesdorf) könnte even",53.443596,8.481083,Binnenland,,https://wiki.faltboot.org/wiki/index.php?title=Unterweser/Au%C3%9Fenweser,"https://www.google.com/maps/place/53%C2%B026'35.9%22N+8%C2%B029'04.6%22E/@53.4435962,8.481083,736m/data=!3m1!1e3!4m6!3m5!1s0x0:0x0!7e2!8m2!3d53.4433129!4d8.4846018"
"Slipanlage Hafen ( google map ): Slipanlage aus Stahlbohlen, also faltboothautfr",53.36199,13.060425,Gewässer,,"https://wiki.faltboot.org/wiki/index.php?title=Havel,_Einsetzstellen","https://www.google.com/maps/dir/Neustrelitz,+Hauptbahnhof,+Neustrelitz/Am+Stadthafen,+17235+Neustrelitz/@53.3619902,13.0604253,1431m/data=!3m1!1e3!4m15!4m14!1m5!1m1!1s0x47a960069873b47f:0x79d3506f57fb81cd!2m2!1d13.0743314!2d53.3593708!1m5!1m1!1s0x47a95ff998800da7:0xc3f093b06f16b414!2m2!1d13.0553171!2d53.3648964!3e2!5i1?shorturl=1"
Gute Aufbaustelle ist der Hafen : vom,53.28818,12.964833,Gewässer,,"https://wiki.faltboot.org/wiki/index.php?title=Havel,_Einsetzstellen","http://maps.google.de/maps?f=q&hl=de&geocode=&q=53.286531,+12.962762&jsv=107&ie=UTF8&ll=53.28818,12.964833&spn=0.008966,0.019119&t=h&z=16&iwloc=addr"
Jugendherberge Nikolassee ( google maps und Webcam ): Die beste Einsetzstelle in,52.432761,13.186297,Gewässer,,"https://wiki.faltboot.org/wiki/index.php?title=Havel,_Einsetzstellen","https://www.google.de/maps/dir/52.4321622,13.1927507/52.4329065,13.1854345/@52.4327611,13.1862967,716m/data=!3m1!1e3!4m9!4m8!1m5!3m4!1m2!1d13.1905576!2d52.4329842!3s0x47a85906608e8255:0x91412e4f092e0a05!1m0!3e2?shorturl=1"
Offizielle Aussetzstelle und Übernachtungsmöglichkeit ( google maps ): An einem,52.446072,13.12819,Gewässer,,"https://wiki.faltboot.org/wiki/index.php?title=Havel,_Einsetzstellen","https://www.google.de/maps/dir/52.4472283,13.127418/52.4455786,13.1313037/@52.446072,13.12819,315m/data=!3m1!1e3!4m2!4m1!3e2?shorturl=1"
"Aus dem Bahnhof heraus nach rechts (Westen), die August-Bebel-Straße und weiter",52.484936,12.459419,Gewässer,,"https://wiki.faltboot.org/wiki/index.php?title=Havel,_Einsetzstellen","http://maps.google.de/maps?f=d&hl=de&geocode=13269714948423378876,52.483678,12.462753%3B5646804229237537693,52.482964,12.453334&saddr=August-Bebel-Stra%C3%9Fe+%4052.483678,+12.462753&daddr=August-Bebel-Stra%C3%9Fe+%4052.482964,+12.453334&sll=52.486037,12.472631&sspn=0.002319,0.004828&ie=UTF8&ll=52.484936,12.459419&spn=0.009278,0.019312&t=h&z=16"
Wegbeschreibung vom Bahnhof Mirow zum öfftl. Hafen,53.272694,12.8131,Gewässer,,"https://wiki.faltboot.org/wiki/index.php?title=M%C3%BCritz_und_Umgebung,_Einsetzstellen","https://www.google.de/maps/dir/Mirow,+Bahnhof,+Mirow/53.2752846,12.8117899/@53.2726944,12.8130998,697m/am=t/data=!3m2!1e3!4b1!4m9!4m8!1m5!1m1!1s0x47a95a50969ddae9:0x55e83a14019a9695!2m2!1d12.8205624!2d53.2705292!1m0!3e2?entry=tts&shorturl=1"
"Am Wochenende wird die Haltestelle ""Kagar, Gaststätte"" nicht angefahren, sondern",53.1301,12.792643,Gewässer,,"https://wiki.faltboot.org/wiki/index.php?title=M%C3%BCritz_und_Umgebung,_Einsetzstellen","https://www.google.com/maps/dir/53.1331135,12.7876705/53.12763,12.812368/@53.1300998,12.7926432,2918m/data=!3m2!1e3!4b1!4m2!4m1!3e2?shorturl=1"
Eine weitere Einsatzstelle ist in die Alte Oder kurz vor ihrer Mündung in die Od,52.340088,14.547147,Gewässer,,"https://wiki.faltboot.org/wiki/index.php?title=Oder,_Einsetzstellen","https://www.google.com/maps/dir/52.3373987,14.5474643/52.3429499,14.5579663/@52.340088,14.5471475,1351m/data=!3m2!1e3!4b1!4m2!4m1!3e2"
Von Teterow ZOB fährt von Mo-Fr unregelmäßig ein Bus nach Dahmen (2-4 mal am Tag,53.769439,12.576073,Gewässer,,https://wiki.faltboot.org/wiki/index.php?title=Peene_und_Peenestrom,"https://maps.google.com/maps?saddr=Bahnhofstra%C3%9Fe/Niels-Stensen-Stra%C3%9Fe/B104&daddr=Von-Th%C3%BCnen-Stra%C3%9Fe&hl=de&ie=UTF8&ll=53.769439,12.576073&spn=0.002327,0.005702&sll=53.769065,12.576261&sspn=0.002327,0.005702&geocode=FetxNAMdqeu_AA;Fdh3NAMdqOG_AA&t=h&dirflg=w&mra=ltm&z=18"
Vom Bahnhof kommend nach Norden nach Lindow der Hauptstraße folgend bis zur Brüc,52.962316,12.981512,Gewässer,,https://wiki.faltboot.org/wiki/index.php?title=Rhin,"https://www.google.com/maps/dir/52.9611918,12.9822753/52.9652307,12.9846367/@52.9623158,12.9815119,691m/data=!3m1!1e3!4m2!4m1!3e2?shorturl=1"
"Zum Aussetzen oberhalb der Schleuse: ""Weiterfahrt bis zur Treidelbrücke, durchfa",52.35704,14.070686,Gewässer,,"https://wiki.faltboot.org/wiki/index.php?title=Spree,_Einsetzstellen","http://maps.google.de/?ie=UTF8&t=h&ll=52.35704,14.070686&spn=0.00325,0.009645&z=17"
"Digitale Karte von Braunau nach Passau, erstellt von Steve Peacewalker",48.084501,13.455505,Süden,,https://wiki.faltboot.org/wiki/index.php?title=Salzach,"https://maps.google.at/maps/ms?msid=205946844631154863542.0004d2c811bb9305c3526&msa=0&ll=48.084501,13.455505&spn=0.708238,2.113495"
Erste Möglichkeit: Mit dem privaten Nachtzug von Berlin nach Stockholm (Ankunft,59.348198,18.103648,Finnland,,https://wiki.faltboot.org/wiki/index.php?title=Inarij%C3%A4rvi_-_Inarisee,"https://www.google.com/maps/dir/59.3477192,18.1017989/59.349245,18.1078014/@59.3481982,18.1036483,304m/data=!3m1!1e3!4m2!4m1!3e2!5m1!1e2?shorturl=1"
Brücke zwischen Wielka Wieś und Kopanica an der P32 kurz nach Kargowa,52.091531,15.922451,Polen,,"https://wiki.faltboot.org/wiki/index.php?title=Obra,_Gew%C3%A4sserbeschreibung","http://maps.google.de/maps?f=q&hl=de&q=Kopanica&layer=&sll=52.089105,15.913868&sspn=0.091868,0.214577&ie=UTF8&z=13&ll=52.091531,15.922451&spn=0.091863,0.270882&t=h&om=1"
Grójec Wielki an der 303 kurz hinter Babimost,52.17031,15.882073,Polen,,"https://wiki.faltboot.org/wiki/index.php?title=Obra,_Gew%C3%A4sserbeschreibung","https://www.google.de/maps/place/64-214+Gr%C3%B3jec+Wielki,+Polen/@52.1703098,15.882073,2859m/data=!3m2!1e3!4b1!4m5!3m4!1s0x470679961f64d0a9:0x6fe3fca3dd1d19dc!8m2!3d52.1702996!4d15.8908653?hl=de&shorturl=1"
vom einmündenden Nebenfluss Dębnica bei,53.750081,16.258135,Polen,,https://wiki.faltboot.org/wiki/index.php?title=Persante_(Pars%C4%99ta),"http://maps.google.de/?ie=UTF8&ll=53.750081,16.258135&spn=0.048164,0.104713&z=14"
Karlino,54.036107,15.878162,Polen,,https://wiki.faltboot.org/wiki/index.php?title=Persante_(Pars%C4%99ta),"http://maps.google.de/?ie=UTF8&ll=54.036107,15.878162&spn=0.047835,0.104713&z=14"
Anfahrt von Berlin,53.159947,14.960632,Polen,,https://wiki.faltboot.org/wiki/index.php?title=Persante_(Pars%C4%99ta),"http://maps.google.de/maps?f=d&source=s_d&saddr=Unbekannte+Stra%C3%9Fe&daddr=Berlin&hl=de&geocode=FbhrNAMdpQD8AA%3B&mra=ls&sll=53.317749,15.25177&sspn=1.557075,3.35083&ie=UTF8&ll=53.159947,14.960632&spn=1.562825,3.35083&z=9"
"Die Schwentine eignet sich für Faltbootfahrer gut, weil sowohl der Ausgangspunkt",54.137666,10.611159,Ostseeküste,,https://wiki.faltboot.org/wiki/index.php?title=Schwentine,"https://www.google.de/maps/dir/54.1354999,10.6106983/54.1388146,10.6169243/@54.1376664,10.6111594,468m/data=!3m1!1e3!4m2!4m1!3e2?shorturl=1"
Zeltplätze an den Ostschären,58.496564,11.425781,Binnenland,,https://wiki.faltboot.org/wiki/index.php?title=Sch%C3%A4ren,"http://maps.google.de/maps/ms?ie=UTF8&hl=de&msa=0&msid=100776790954979043768.00045d80d22705bfa3828&ll=58.496564,11.425781&spn=1.377872,3.515625&z=8&source=embed"
Einsetzstelle in Nassenheide: Von der Bushaltestelle Nassenheide-Kirche (Busse,52.824391,13.208415,Gewässer,,https://wiki.faltboot.org/wiki/index.php?title=Berliner_Umland:_Tagestouren,"https://www.google.de/maps/dir/52.8152207,13.2158636/52.8268653,13.207422/@52.824391,13.2084154,758m/data=!3m1!1e3!4m2!4m1!3e2?shorturl=1"
Einsetzstelle (google map) : Vom Bahnhofsvorplatz rechts haltend zur Ferdinandst,52.339052,14.552474,Gewässer,,https://wiki.faltboot.org/wiki/index.php?title=Berliner_Umland:_Tagestouren,"https://maps.google.com/maps?saddr=Bahnhofspl./Posener+Hof&daddr=52.3390518,14.5524739+to:52.3384678,14.5554953+to:Lehmgasse+11,+15230+Frankfurt+(Oder),+Deutschland&hl=de&sll=52.338711,14.552051&sspn=0.004812,0.011362&geocode=FYuaHgMdD_ndAA;FWuhHgMdmQ3eACnJB-unDJgHRzGCwPZR_kddJQ;FSOfHgMdZxneACknOJEkC5gHRzECL2D3HyXYrw;FXqbHgMd_h3eACnv2lvvCpgHRzFIiqCZkyHMpQ&t=h&dirflg=w&mra=dpe&mrsp=2&sz=17&via=1,2&z=17"
Einsetzstelle (google map) : Den Bahnsteig von Nowiny Wielkie (Döllensradung) en,52.661071,14.990203,Gewässer,,https://wiki.faltboot.org/wiki/index.php?title=Berliner_Umland:_Tagestouren,"https://www.google.com/maps/dir/52.6724541,15.0014115/52.650618,14.999799/@52.6610707,14.9902029,2949m/data=!3m1!1e3!4m2!4m1!3e1?shorturl=1"
"Aussetzstelle (google map) : Bei Hochwasser im Frühling sind die Betontreppen, d",52.587929,14.641569,Gewässer,,https://wiki.faltboot.org/wiki/index.php?title=Berliner_Umland:_Tagestouren,"https://www.google.com/maps/dir/52.5849189,14.6449552/52.5911102,14.6474306/@52.5879286,14.6415693,1477m/data=!3m2!1e3!4b1!4m2!4m1!3e2?shorturl=1"
"Aussetzstelle (google map) : Bei Hochwasser im Frühling sind die Betontreppen, d",52.58685,14.650283,Gewässer,,https://wiki.faltboot.org/wiki/index.php?title=Berliner_Umland:_Tagestouren,"https://www.google.com/maps/dir/52.5825524,14.6616309/52.5911102,14.6474306/@52.5868499,14.6502826,1477m/data=!3m2!1e3!4b1!4m2!4m1!3e1?shorturl=1"
"Routenbeschreibung: Eigentlich ist dieser Tagestourenvorschlag perfekt, wenn man",52.728397,15.228111,Gewässer,,https://wiki.faltboot.org/wiki/index.php?title=Berliner_Umland:_Tagestouren,"https://www.google.com/maps/place/52%C2%B043'42.2%22N+15%C2%B014'12.8%22E/@52.7283972,15.2281108,2878m/data=!3m2!1e3!4b1!4m6!3m5!1s0x0:0x0!7e2!8m2!3d52.7283979!4d15.2368873?shorturl=1"
"Routenbeschreibung: Eigentlich ist dieser Tagestourenvorschlag perfekt, wenn man",52.727366,15.225034,Gewässer,,https://wiki.faltboot.org/wiki/index.php?title=Berliner_Umland:_Tagestouren,"https://www.google.com/maps/place/52%C2%B043'38.5%22N+15%C2%B014'01.7%22E/@52.7273661,15.2250338,2878m/data=!3m2!1e3!4b1!4m6!3m5!1s0x0:0x0!7e2!8m2!3d52.7273675!4d15.2338104?shorturl=1"
An der Muckerbrücke 800 m nördlich von Paulshof liegt ein,52.805257,14.141373,Gewässer,,https://wiki.faltboot.org/wiki/index.php?title=Alte_Oder,"https://www.google.de/maps/place/Rastplatz+Paulshof+(Biwakplatz)/@52.8052569,14.1413729,15z/data=!4m5!3m4!1s0x47a9ddeec3c59537:0xf5a9f0e69611c31f!8m2!3d52.8127004!4d14.1548578?shorturl=1"
Bilder von 3 Tagen auf der Oberen Havel (April 2007),53.318569,12.974167,Gewässer,,https://wiki.faltboot.org/wiki/index.php?title=Mecklenburger_Seenplatte,"http://maps.google.com/maps?f=q&hl=de&q=http://home.arcor.de/Limnology/ObereHavelApril2007.kml&layer=&ie=UTF8&om=1&msid=113515627704746963346.00000111fee50d342526b&msa=0&z=11&ll=53.318569,12.974167&spn=0.422484,0.861053"
"Wer sich das Umtragen zwischen Dranser- und Langhagensee ersparen möchte, fährt",53.237401,12.686939,Gewässer,,https://wiki.faltboot.org/wiki/index.php?title=Mecklenburger_Seenplatte,"https://www.google.de/maps/dir/Buschhof/53.243276,12.678738/@53.2374008,12.6869385,2813m/data=!3m2!1e3!4b1!4m9!4m8!1m5!1m1!1s0x47a95020c7d3db21:0xa251aeb3231d660!2m2!1d12.7157767!2d53.2326106!1m0!3e2?shorturl=1"
Es lohnt sich aber auch in umgekehrter Richtung zu starten und den von viel Wald,53.583665,16.540947,Gewässer,,https://wiki.faltboot.org/wiki/index.php?title=Pommersche_Seenplatte,"https://maps.google.com/maps?q=53.583665,16.540947&hl=de&ll=53.583971,16.545067&spn=0.0187,0.045447&num=1&t=h&z=15"
Nach 200 m zweigt links das Fließ zum Kleinen und Großen Lubowsee ab. Die beiden,53.586869,16.391698,Gewässer,,https://wiki.faltboot.org/wiki/index.php?title=Pommersche_Seenplatte,"https://maps.google.com/maps?q=53.586869,16.391698&ll=53.586678,16.391945&spn=0.004675,0.011362&num=1&t=h&z=17"
Eine weitere Übernachtungsmöglichkeit ergibt sich bei einem (empfehlenswerten) A,52.133541,13.621416,Gewässer,,"https://wiki.faltboot.org/wiki/index.php?title=Dahme,_Gew%C3%A4sserbeschreibung","http://maps.google.de/maps?f=q&hl=de&geocode=&q=Teupitz+Bahnhofstrasse+20&sll=52.136281,13.621399&sspn=0.00889,0.023475&g=Teupitz+Bahnhofstrasse+82&ie=UTF8&ll=52.133541,13.621416&spn=0.035562,0.093899&t=h&z=14"
"km 6: l. Güls , gleich am Ortsanfang liegt der 100 m von der Mosel entfernte Cam",50.336484,7.550645,Westen,,"https://wiki.faltboot.org/wiki/index.php?title=Mosel,_Gew%C3%A4sserbeschreibung","https://www.google.de/maps/dir/50.331554,7.5566738/50.3404714,7.5484986/@50.3364845,7.550645,1383m/data=!3m1!1e3!4m2!4m1!3e2?shorturl=1"
km 2: Staustufe Koblenz mit Sportbootschleuse und Umtragerampe wurde 1951 fertig,50.362647,7.579466,Westen,,"https://wiki.faltboot.org/wiki/index.php?title=Mosel,_Gew%C3%A4sserbeschreibung","https://www.google.de/maps/dir/50.36609,7.5794777/50.3586059,7.5897667/@50.362647,7.5794665,1382m/data=!3m2!1e3!4b1!4m2!4m1!3e2?shorturl=1"
"km 0,00: Mündung in den Rhein (Rhein-km 592,3). R. Ufer das Deutsche Eck , Wahrz",50.36708,7.592016,Westen,,"https://wiki.faltboot.org/wiki/index.php?title=Mosel,_Gew%C3%A4sserbeschreibung","https://www.google.de/maps/dir/50.366653,7.5921267/50.3658757,7.6056569/@50.3670801,7.5920165,1382m/data=!3m1!1e3!4m2!4m1!3e2?shorturl=1"
Nach GRIMM wird der Lebensrhythmus im Delta vom Wachstumszyklus des Schilfes bes,45.055925,29.291825,Süden,,"https://wiki.faltboot.org/wiki/index.php?title=Donaudelta,_Gew%C3%A4sserbeschreibung","http://maps.google.com/?ie=UTF8&t=h&ll=45.055925,29.291825&spn=0.014294,0.01281&z=16"
Einsetzstelle (,48.628823,9.330388,Süden,,"https://wiki.faltboot.org/wiki/index.php?title=Neckar,_Gew%C3%A4sserbeschreibung","https://www.google.com/maps/place/48%C2%B037'43.8%22N+9%C2%B019'57.3%22E/@48.628823,9.3303883,784m/data=!3m2!1e3!4b1!4m6!3m5!1s0x0:0x0!7e2!8m2!3d48.6288227!4d9.3325772?shorturl=1"
"Digitale Karte, die einen Großteil des Verlaufs mit Hindernissen und Umtragungen",47.968778,13.969116,Österreich,,https://wiki.faltboot.org/wiki/index.php?title=Traun,"https://maps.google.at/maps/ms?msid=205946844631154863542.0004d28d7e3e52971336c&msa=0&ll=47.968778,13.969116&spn=0.70983,2.113495"
"Digitale Karte von Klaus nach Steyr, erstellt von Steve Peacewalker",47.940727,14.289093,Österreich,,https://wiki.faltboot.org/wiki/index.php?title=Steyr,"https://maps.google.at/maps/ms?msid=205946844631154863542.0004d2b21d6cf5675c760&msa=0&ll=47.940727,14.289093&spn=0.355107,1.056747"
Für Paddler besonders empfehlenswert ist eine Fahrt von Rudczanny (Ruciane-Nida),54.022523,21.91128,Polen,,https://wiki.faltboot.org/wiki/index.php?title=Masurische_Seenplatte,"https://www.google.de/maps/dir/54.0294002,21.9181953/54.0004436,21.9130493/@54.022523,21.9112799,2495m/data=!3m1!1e3!4m2!4m1!3e0?shorturl=1"
32 km: Ende des Niedersees am großen und einfachen Campingplatz (Hunde verboten),53.585948,21.661321,Polen,,https://wiki.faltboot.org/wiki/index.php?title=Masurische_Seenplatte,"https://www.google.de/maps/dir/''/53.5938509,21.6817108/@53.5859475,21.6613211,2572m/data=!3m1!1e3!4m7!4m6!1m3!2m2!1d21.6606952!2d53.5776779!1m0!3e0?hl=de-DE&shorturl=1"
39 km: Nach etwa 1 km auf dem stillen See öffnet sich rechter Hand eine Bucht mi,53.618067,21.758344,Polen,,https://wiki.faltboot.org/wiki/index.php?title=Masurische_Seenplatte,"https://www.google.de/maps/dir/53.6111868,21.7494284/53.6245327,21.8061818/@53.6180673,21.7583444,5140m/data=!3m1!1e3!4m2!4m1!3e2?hl=de-DE&shorturl=1"
"73 km: Spirdingsee (Jez. Śniardwy) . Achtung: der See ist wunderschön, riesig un",53.7385,21.787171,Polen,,https://wiki.faltboot.org/wiki/index.php?title=Masurische_Seenplatte,"https://www.google.de/maps/place/53%C2%B044'18.6%22N+21%C2%B047'21.7%22E/@53.7385,21.7871713,628m/data=!3m2!1e3!4b1!4m5!3m4!1s0x0:0x0!8m2!3d53.7385!4d21.78936?shorturl=1"
"91,5 km: Seeende mit kleinem Strand an einem belebten Ferienlager für Kinder, an",53.857916,21.844103,Polen,,https://wiki.faltboot.org/wiki/index.php?title=Masurische_Seenplatte,"https://www.google.de/maps/dir/53.8494836,21.8463129/53.863557,21.8486089/@53.8579156,21.844103,2505m/data=!3m1!1e3!4m2!4m1!3e2?shorturl=1"
"174,5 km: Aussetzstelle Kraukeln (bis 1938 Kruglinnen, poln. Kruklin) an kleinem",54.036627,21.80065,Polen,,https://wiki.faltboot.org/wiki/index.php?title=Masurische_Seenplatte,"https://www.google.de/maps/dir/54.0409381,21.8940117/54.032137,21.7798081/@54.0366271,21.8006501,5570m/data=!3m1!1e3!4m2!4m1!3e2?shorturl=1"
"174,5 km: Aussetzstelle Kraukeln (bis 1938 Kruglinnen, poln. Kruklin) an kleinem",54.029214,21.837571,Polen,,https://wiki.faltboot.org/wiki/index.php?title=Masurische_Seenplatte,"https://www.google.de/maps/dir/54.0409381,21.8940117/54.0073358,21.8280561/@54.0292141,21.8375715,5518m/data=!3m1!1e3!4m2!4m1!3e2?shorturl=1"
"174,5 km: Aussetzstelle Kraukeln (bis 1938 Kruglinnen, poln. Kruklin) an kleinem",54.025232,21.807327,Polen,,https://wiki.faltboot.org/wiki/index.php?title=Masurische_Seenplatte,"https://www.google.de/maps/dir/54.0411234,21.8934962/54.023375,21.806205/@54.0252317,21.8073269,5524m/data=!3m1!1e3!4m9!4m8!1m5!3m4!1m2!1d21.8070295!2d54.0317399!3s0x46e186296a8675d1:0x27576ad36d6c6d14!1m0!3e2?shorturl=1"
In Allenstein fahren die Busse vom großen D. A. (= ZOB) direkt am Hbf ab oder vo,53.784622,20.495336,Polen,,"https://wiki.faltboot.org/wiki/index.php?title=Krutynia,_Streckenbeschreibung","https://www.google.de/maps/dir/53.7851558,20.4980086/53.7845095,20.4950283/@53.7846219,20.4953361,678m/data=!3m1!1e3!4m2!4m1!3e2?shorturl=1"
Einsetzstelle in Feldberg 1 (google map) und 2 (google map) : Sowohl der Bus (mi,53.333499,13.433017,USA,,https://wiki.faltboot.org/wiki/index.php?title=Uckerm%C3%A4rkische_Seen,"https://www.google.de/maps/dir/53.3309213,13.4321664/53.336856,13.442162/@53.3334987,13.433017,1413m/data=!3m2!1e3!4b1!4m2!4m1!3e2?shorturl=1"
"Aussetzstelle Densow (google map) : Mit einem leichten ""Rucksack-Faltboot"" und g",53.156756,13.385296,USA,,https://wiki.faltboot.org/wiki/index.php?title=Uckerm%C3%A4rkische_Seen,"https://maps.google.de/maps?saddr=Unbekannte+Stra%C3%9Fe&daddr=Annenwalder+Stra%C3%9Fe&hl=de&ie=UTF8&ll=53.156756,13.385296&spn=0.037776,0.090895&sll=53.153565,13.381605&sspn=0.037779,0.090895&geocode=FSBNKwMd2T_MAA;FeHsKgMdFh_MAA&t=h&gl=de&dirflg=w&mra=mrv&z=14"
Beschreibung: Von der Aussetzstelle (google map) direkt hoch zum geteerten Radwe,53.149705,13.468981,USA,,https://wiki.faltboot.org/wiki/index.php?title=Uckerm%C3%A4rkische_Seen,"https://maps.google.com/maps?q=53.149705,13.468981&num=1&t=h&z=16"
der Radwege,46.218,7.778,Nordseeküste,,https://wiki.faltboot.org/wiki/index.php?title=OSM_f%C3%BCr_Paddler,https://www.openstreetmap.org/#map=6/46.218/7.778&layers=C
Die Eger auf,50.240179,13.123169,Nordseeküste,,https://wiki.faltboot.org/wiki/index.php?title=Eger,"https://maps.google.com/maps?q=http://www.faltboot.org/wiki/images/Eger.kmz&hl=en&ll=50.240179,13.123169&spn=1.589747,4.22699&sll=50.135651,12.084146&sspn=0.003112,0.008256&t=p&z=9"
Expeditie met Ally vouwkano op de,67.550559,20.126953,Binnenland,,https://wiki.faltboot.org/wiki/index.php?title=TourenWiki,"http://maps.google.de/maps?f=q&source=s_q&hl=de&q=Kaitum,+Norrbotten,+Schweden&sll=51.151786,10.415039&sspn=26.262901,53.569336&ie=UTF8&cd=1&geocode=FTC7BgQdu_QyAQ&split=0&hq=&hnear=Kaitum,+Norrbotten,+Schweden&ll=67.550559,20.126953&spn=7.992345,26.784668&t=h&z=6"
"In Stargard haben wir in den Mühlenkanal eingesetzt, natürlich nachdem er die Ve",53.342994,15.036099,Gewässer,,https://wiki.faltboot.org/wiki/index.php?title=Ina,"http://maps.google.de/maps?f=d&source=s_d&saddr=Dworcowa&daddr=Unbekannte+Stra%C3%9Fe&hl=de&geocode=FX7mLQMdM1_lAA%3BFaL_LQMddoXlAA&mra=ls&dirflg=w&sll=53.343019,15.037022&ie=UTF8&ll=53.342994,15.036099&t=h&z=16"
Weitere Bahnhöfe dieser Bahnlinie und die Drage flussabwärts sind: Falkenburg (Z,53.527069,15.820377,Gewässer,,https://wiki.faltboot.org/wiki/index.php?title=Drawa,"https://maps.google.com/maps?saddr=Plac+Marii+Konopnickiej&daddr=Stanis%C5%82awa+Moniuszki&hl=de&ie=UTF8&ll=53.527069,15.820377&spn=0.009133,0.022724&sll=53.527529,15.818918&sspn=0.009082,0.022724&geocode=FTjQMAMduFXxAA;Fda0MAMdPHfxAA&t=h&dirflg=w&mra=dme&mrsp=0&sz=16&z=16"
"""Es gibt vor Ort die Möglichkeit, den Truppenübungsplatz zu umfahren. An der Brü",53.345018,15.848808,Gewässer,,https://wiki.faltboot.org/wiki/index.php?title=Drawa,"http://maps.google.de/maps?f=d&source=s_d&saddr=Route+175&daddr=53.313288,15.774393&hl=de&geocode=FfvkLgMd1L7xAA%3B&mra=dme&mrcr=0&mrsp=1&sz=14&sll=53.316672,15.79113&sspn=0.048916,0.104713&ie=UTF8&ll=53.345018,15.848808&spn=0.195534,0.418854&z=12"
im Gegensatz zu,53.340713,15.79216,Gewässer,,https://wiki.faltboot.org/wiki/index.php?title=Drawa,"http://maps.google.de/?ie=UTF8&ll=53.340713,15.79216&spn=0.388648,1.098633&t=k&z=11"
Der südwestlich liegende Ort Ed wird von Göteborg mehrmals täglich und direkt an,58.913233,11.932822,Gewässer,,https://wiki.faltboot.org/wiki/index.php?title=Dalslandkanal,"https://maps.google.de/maps?q=58.913233,11.932822&num=1&t=h&gl=de&z=16"
Busverbindungen rund um den Dalslandkanal finden sich hier: http://reseplanerare,59.016659,12.268553,Gewässer,,https://wiki.faltboot.org/wiki/index.php?title=Dalslandkanal,"https://maps.google.de/maps?q=59.016659,12.268553&ll=59.017819,12.270881&spn=0.004407,0.009645&num=1&t=h&z=17"
Übernachtung in Göteborg: Der Campingplatz liegt ein wenig außerhalb der Stadt (,57.707812,12.022449,Gewässer,,https://wiki.faltboot.org/wiki/index.php?title=Dalslandkanal,"https://www.google.de/maps/dir/57.7098788,12.023697/57.7044893,12.0300788/@57.7078116,12.0224492,1134m/data=!3m1!1e3!4m2!4m1!3e2?shorturl=1"
Mit Bahn und Fähre über Sassnitz-Trelleborg: Aus Nordostdeutschland und Berlin l,54.48623,13.580082,Gewässer,,https://wiki.faltboot.org/wiki/index.php?title=Dalslandkanal,"https://www.google.com/maps/dir/54.5170031,13.6097951/54.4887924,13.587034/@54.4862304,13.5800824,1449m/data=!3m1!1e3!4m2!4m1!3e2?shorturl=1"
"Tag 5: Der Wind hat erneut zugenommen, bei nach wie vor strahlendem Sommerwetter",58.98859,12.466993,Gewässer,,https://wiki.faltboot.org/wiki/index.php?title=Dalslandkanal,"https://maps.google.com/maps?saddr=Unbekannte+Stra%C3%9Fe&daddr=Sj%C3%B6v%C3%A4gen&hl=de&ie=UTF8&ll=58.98859,12.466993&spn=0.032458,0.091238&sll=58.998273,12.468603&sspn=0.008112,0.02281&geocode=FcjigwMdUU2-AA;FVpBhAMdsS6-AA&t=h&dirflg=w&mra=ltm&z=14"
"Tag 12: Heute müssen wir uns entscheiden: Fahren wir die einsamere, aber längere",59.507217,11.853193,Gewässer,,https://wiki.faltboot.org/wiki/index.php?title=Dalslandkanal,"https://maps.google.de/maps?q=59.507217,11.853193&ll=59.507228,11.85324&spn=0.008689,0.01929&num=1&t=h&z=16"
"Letzter See auf dem Dalslandskanal ist der Östen , an dem das Dorf Östervallskog",59.656483,11.833514,Gewässer,,https://wiki.faltboot.org/wiki/index.php?title=Dalslandkanal,"https://www.google.de/maps/dir/59.6395702,11.8656157/59.665865,11.8329838/@59.6564832,11.8335145,4686m/data=!3m1!1e3!4m2!4m1!3e2?shorturl=1"
"Vom Mortsjølungen geht es jetzt bis Arvika immer ""bergab"". Der See ist im Grunde",59.889886,11.861775,Gewässer,,https://wiki.faltboot.org/wiki/index.php?title=Dalslandkanal,"https://www.google.de/maps/dir/59.8872162,11.8578072/59.8921896,11.8727265/@59.8898861,11.8617751,1163m/data=!3m1!1e3!4m2!4m1!3e2?shorturl=1"
"Das Flüchtlingsmuseum (berührend, die Schicksale von früher wie auch das Engagem",59.874525,11.889774,Gewässer,,https://wiki.faltboot.org/wiki/index.php?title=Dalslandkanal,"https://www.google.de/maps/dir/59.8766793,11.8828829/59.8743743,11.8997407/@59.8745251,11.8897737,1164m/data=!3m1!1e3!4m2!4m1!3e2?shorturl=1"
"Auf dem Björkelången immer schön mittig halten, sowohl rechts wie auch links exi",59.67597,11.960961,Gewässer,,https://wiki.faltboot.org/wiki/index.php?title=Dalslandkanal,"https://www.google.de/maps/dir/59.6635796,11.9285544/59.6975518,12.0856124/@59.6759703,11.9609609,9367m/data=!3m1!1e3!4m9!4m8!1m5!3m4!1m2!1d11.9292989!2d59.6638563!3s0x464397de77c0a103:0x6d17db831296b23c!1m0!3e2?shorturl=1"
Die Einsetzstelle hinter dem Stauwehr ist gut (auch hier könnte gezeltet werden),59.797301,12.222822,Gewässer,,https://wiki.faltboot.org/wiki/index.php?title=Dalslandkanal,"https://www.google.de/maps/dir/59.7947309,12.2167012/59.8005068,12.2329874/@59.7973009,12.2228218,1167m/data=!3m1!1e3!4m2!4m1!3e2?shorturl=1"
Die Einsetzstelle hinter dem Stauwehr ist gut (auch hier könnte gezeltet werden),59.798131,12.225107,Gewässer,,https://wiki.faltboot.org/wiki/index.php?title=Dalslandkanal,"https://www.google.de/maps/dir/59.7962269,12.2270235/59.8005068,12.2329874/@59.7981308,12.2251071,1167m/data=!3m1!1e3!4m2!4m1!3e2?shorturl=1"
"Die Einsetzstelle, ausgleichende Gerechtigkeit, ist dafür perfekt. Mit ein paar",59.681616,12.370247,Gewässer,,https://wiki.faltboot.org/wiki/index.php?title=Dalslandkanal,"https://www.google.de/maps/dir/59.6887536,12.3612997/59.6757011,12.4245614/@59.6816158,12.3702466,4683m/data=!3m1!1e3!4m9!4m8!1m5!3m4!1m2!1d12.3904734!2d59.679021!3s0x46430ba3bfa2e58f:0x5405e3452bfb254!1m0!3e2?shorturl=1"
"Vom Bahnhof zur Zarow sind es 1,8 km. Wegebeschreibung bei",53.662569,13.876702,Gewässer,,https://wiki.faltboot.org/wiki/index.php?title=Zarow,"https://www.google.com/maps/dir/53.6590501,13.8829371/53.6698309,13.8730971/@53.6625694,13.8767019,1405m/data=!3m1!1e3!4m3!4m2!3e2!5i1?shorturl=1"
"El Capitan , allgemeiner Outdoorausstatter, Verleih von Zelten, Rucksäcken, Schl",50.445266,30.449803,Süden,,https://wiki.faltboot.org/wiki/index.php?title=Ukraine,"https://www.google.com/maps/place/El+Capitan+Magazin+Sporyadzhennya+Dlya+Turizmu+Ta+Alpinizmu/@50.445266,30.449803,17z/data=!4m5!3m4!1s0x0:0x6e46ace2a086fd13!8m2!3d50.4452661!4d30.4498034?hl=de-DE"
"Der Abholdienst muss von Đurđevića Tara den weiten Bogen über Plevlja (MNE), Gor",43.377105,19.090118,Süden,,https://wiki.faltboot.org/wiki/index.php?title=Tara,"https://maps.google.com/maps?saddr=%C4%90ur%C4%91evi%C4%87a+Tara+Bridge,+Pljevlja,+Montenegro&daddr=43.6264147,18.9986835+to:%C5%A0%C4%87epan+Polje&hl=en&ie=UTF8&ll=43.377105,19.090118&spn=0.680755,1.0849&sll=43.254205,18.874512&sspn=0.990193,2.113495&geocode=FTlskgIdVmwmASGdDJKP_9sTZSnVJ8AmMERNEzGdDJKP_9sTZQ;Fa6vmQIdm-UhASkLcYRE32NYRzE_9ZGRmux8vQ;FS5tlQId-n4fASGSbpEhg6UEYykZ_iNHiClNEzGSbpEhg6UEYw&mra=mrv&via=1&t=m&z=10"
"Der Abholdienst muss von Đurđevića Tara den weiten Bogen über Plevlja (MNE), Gor",43.13707,19.046173,Süden,,https://wiki.faltboot.org/wiki/index.php?title=Tara,"https://maps.google.com/maps?saddr=%C4%90ur%C4%91evi%C4%87a+Tara+Bridge,+Pljevlja,+Montenegro&daddr=42.9922939,18.891573+to:%C5%A0%C4%87epan+Polje&hl=en&ie=UTF8&ll=43.13707,19.046173&spn=0.688449,1.0849&sll=43.234198,19.090118&sspn=0.968507,1.0849&geocode=FTlskgIdVmwmASGdDJKP_9sTZSnVJ8AmMERNEzGdDJKP_9sTZQ;FaUCkAIdNUMgASnPJc_SmxxNEzGqoTDZz8qoMQ;FS5tlQId-n4fASGSbpEhg6UEYykZ_iNHiClNEzGSbpEhg6UEYw&mra=dvme&mrsp=1&sz=10&via=1&t=m&z=10"
"Die Tara (blau) und Drina (rot), dasselbe auf",43.041794,19.212341,Süden,,https://wiki.faltboot.org/wiki/index.php?title=Tara,"https://maps.google.com/maps?q=http://www.faltboot.org/wiki/images/Tara.kml&hl=en&ll=43.041794,19.212341&spn=0.880217,1.223602&sll=37.0625,-95.677068&sspn=62.443704,78.310547&t=m&z=10"
"Der Tarn ist berühmt für seine Schluchten (Gorges du Tarn), die sich",44.24028,3.319244,Süden,,https://wiki.faltboot.org/wiki/index.php?title=Tarn,"https://maps.google.com/maps?saddr=Molines,+48320+Ispagnac,+France&daddr=44.324924,3.345842+to:Millau,+France&hl=en&ll=44.24028,3.319244&spn=0.473234,0.582275&sll=44.302314,3.27023&sspn=0.486494,1.056747&geocode=FV8ipQIdTr01AClhqwy_XXazEjHwF9KqI4gHCg;FTxYpAIdsg0zACm_4mezyKCzEjF_HgBOZg6X3w;Fd_roAIdqfYuACmt914WGEuyEjE-_DSlZILJFw&oq=Millau&t=h&mra=dpe&mrsp=1&sz=11&via=1&z=11"
"der Tagliamento auf Google Maps, sowie",46.0189,13.017426,Süden,,https://wiki.faltboot.org/wiki/index.php?title=Tagliamento,"https://maps.google.com/maps?q=http://www.faltboot.org/wiki/images/Tagliamento2012.kmz&hl=de&ll=46.0189,13.017426&spn=0.940292,0.837708&sll=46.046579,12.830322&sspn=0.939822,0.837708&t=h&z=10"
"GP Parking , geschützt parken an der Einsatzstelle Maddalena inklusive 24h-Abhol",45.627394,8.711783,Süden,,https://wiki.faltboot.org/wiki/index.php?title=Ticino,"https://maps.google.de/maps?saddr=Unknown+road&daddr=Via+al+Ticino&hl=en&ll=45.627394,8.711783&spn=0.006468,0.010203&sll=45.622442,8.71027&sspn=0.103489,0.16325&geocode=FZA6uAIdBO-EAA;FZTJuAId5F2EAA&t=h&mra=dme&mrsp=0&sz=13&z=17"
für die Gesamtregion Lombardei gibt es an ausgewählten Verkaufsstellen (Bahnhöfe,45.958788,9.733887,Süden,,https://wiki.faltboot.org/wiki/index.php?title=Ticino,"https://www.google.com/maps/d/viewer?ll=45.958788,9.733887&iwloc=lyrftr:msid:204470597322314125057.0004d304f786a3a7ab8de,0004d8479a257ddfb407c,,,0,-31&msa=0&spn=2.669206,6.696167&mid=zI-BnyNMnG2I.kpDJMCeTEoqk"
Der Fluß Stångån entspringt in der Nähe von Österbymo (,57.825012,15.268936,Süden,,https://wiki.faltboot.org/wiki/index.php?title=St%C3%A5ng%C3%A5n,"http://maps.google.de/maps?f=q&hl=de&q=%C3%96sterbymo&sll=57.900529,15.843658&sspn=0.079452,0.270882&layer=&ie=UTF8&z=13&ll=57.825012,15.268936&spn=0.079619,0.270882&t=h&om=1"
Der Fluß Stångån entspringt in der Nähe von Österbymo ( Googlemap ) und fließt z,57.58821,15.842259,Süden,,https://wiki.faltboot.org/wiki/index.php?title=St%C3%A5ng%C3%A5n,"http://maps.google.de/maps?f=q&hl=de&q=Storebro&layer=&sll=57.592171,15.847778&sspn=0.080132,0.270882&ie=UTF8&z=13&ll=57.58821,15.842259&spn=0.080141,0.270882&t=h&om=1"
Der Unterlauf des Tavvaätno ist,68.530575,21.034441,Süden,,https://wiki.faltboot.org/wiki/index.php?title=Lainio%C3%A4lven,"https://maps.google.de/maps?ll=68.530575,21.034441&spn=0.012974,0.035105&t=h&z=15"
Auto : Beispiel Berlin - Övre Soppero,53.631147,20.060346,Süden,,https://wiki.faltboot.org/wiki/index.php?title=Lainio%C3%A4lven,"https://maps.google.de/maps?saddr=Berlin&daddr=53.6311474,20.0603463+to:56.0824775,24.4419237+to:%C3%96vre+Soppero,+Sverige&hl=de&ie=UTF8&sll=61.585492,16.699219&sspn=20.244168,37.924805&geocode=FQNhIQMdi4_MACkBWQM_N06oRzFwO15bRiAhBA;FatYMgMduhgyASnPMA4SdHodRzGFGncJf382jg;FS3AVwMdQ_R0ASlvxJzx9ZroRjF-xqSUhmzVHw;FaYUDwQdNBFLASk5lEfGD_3QRTEt_BGR-JKbeQ&t=h&mra=dpe&mrsp=2&sz=5&via=1,2&z=5"
Auto : Beispiel Berlin - Övre Soppero Ostroute,61.585492,16.699219,Süden,,https://wiki.faltboot.org/wiki/index.php?title=Lainio%C3%A4lven,"https://maps.google.de/maps?saddr=Berlin&daddr=54.81775,9.32437+to:60.85184,14.25626+to:64.31291,16.60614+to:%C3%96vre+Soppero,+Sverige&hl=de&ie=UTF8&ll=61.585492,16.699219&spn=20.244168,41.000977&sll=60.207075,15.446777&sspn=5.227284,10.250244&geocode=FQNhIQMdi4_MACkBWQM_N06oRzFwO15bRiAhBA;FdZzRAMdUkeOACnpvZxut12zRzGqBKJJL1AZYQ;FYCGoAMdhIjZACmV2rSWh-FnRjHICFoavvAXFg;FU5W1QMdvGP9ACl_6Gp6UXh6RjFwe3O5BkUDEw;FaYUDwQdNBFLASk5lEfGD_3QRTEt_BGR-JKbeQ&oq=Berlin&t=h&mra=dvme&mrsp=2&sz=7&via=1,2,3&z=5"
"Die Staudämme sind alle militärisches Sperrgebiet, welches weiträumig umtragen w",38.817776,38.787918,Süden,,https://wiki.faltboot.org/wiki/index.php?title=Euphrat,"http://maps.google.de/maps?f=q&source=s_q&hl=de&geocode=&q=http:%2F%2Fhome.arcor.de%2FLimnologie%2FEuphrat.kmz&sll=49.291098,28.34198&sspn=1.698236,3.348083&ie=UTF8&t=h&ll=38.817776,38.787918&spn=0.247435,0.21904&z=12&iwloc=lyrftr:kml:cOy4tCldDsg2CaaMISB0OmmHLClWBszYI,g8d5f3e3a4deb3e14,,"
Link aufs,34.939985,43.242188,Süden,,https://wiki.faltboot.org/wiki/index.php?title=Euphrat,"http://maps.google.de/maps?f=q&source=s_q&hl=de&geocode=&q=http:%2F%2Fhome.arcor.de%2FLimnologie%2FEuphrat.kmz&sll=49.291098,28.34198&sspn=1.698236,3.348083&ie=UTF8&ll=34.939985,43.242188&spn=17.042915,26.784668&t=p&z=6"
"Nun liegen die Boote gepackt vor uns. Skeptisch beobachtet von Spaziergängern, d",25.13769,-80.939691,Süden,,https://wiki.faltboot.org/wiki/index.php?title=Everglades_oder_die_vergebliche_Suche_nach_Manatees,"http://maps.google.de/maps?f=q&source=s_q&hl=de&geocode=&q=Flamingo+Camping,+Homestead,+Florida&aq=&sll=25.13769,-80.939691&sspn=0.008644,0.009731&doflg=ptm&ie=UTF8&hq=Flamingo+Camping,&hnear=Homestead,+Miami-Dade+County,+Florida,+Vereinigte+Staaten&ll=25.13769,-80.939691&spn=0.017289,0.019462&t=h&z=16"
Ins Wasser wagt sich keiner der Touristen. Vorsichtshalber haben wir noch 4 Wass,25.142526,-80.50837,Süden,,https://wiki.faltboot.org/wiki/index.php?title=Everglades_oder_die_vergebliche_Suche_nach_Manatees,"http://maps.google.de/maps?f=q&source=s_q&hl=de&geocode&q=Whaleback+Key,+Florida,+United+States&aq=0&sll=25.127413,-80.467987&sspn=0.143915,0.155697&ie=UTF8&hq&hnear=Whaleback+Key&ll=25.142526,-80.50837&spn=0.035974,0.038924&t=h&z=15"
Inzwischen haben wir die allgemeinen Wasserstraßen mit ihren Waypoints erreicht,25.132697,-80.692863,Süden,,https://wiki.faltboot.org/wiki/index.php?title=Everglades_oder_die_vergebliche_Suche_nach_Manatees,"http://maps.google.de/maps?f=q&source=s_q&hl=de&geocode&q=Crokodile+Dragover,+Florida,+United+States&aq&sll=25.168125,-80.595016&sspn=0.138274,0.155697&ie=UTF8&hq&hnear=Crocodile+Dragover&ll=25.132697,-80.692863&spn=0.069157,0.077848&t=h&z=14"
So erreichen wir erst am späten Nachmittag den Hafen von,25.141866,-80.925293,Süden,,https://wiki.faltboot.org/wiki/index.php?title=Everglades_oder_die_vergebliche_Suche_nach_Manatees,"http://maps.google.de/maps?f=q&source=s_q&hl=de&geocode&q=Flamingo+,+Florida,+United+States&aq&sll=25.142876,-80.800323&sspn=0.069152,0.077848&ie=UTF8&hq&hnear=Flamingo,+Cape+Sable,+Monroe+County,+Florida,+Vereinigte+Staaten&ll=25.141866,-80.925293&spn=0.138304,0.155697&t=h&z=13"
Wir sehen nur noch einen ausgebleichten Stangenwald. Das geht so weiter bis zum,25.321063,-81.151543,Süden,,https://wiki.faltboot.org/wiki/index.php?title=Everglades_oder_die_vergebliche_Suche_nach_Manatees,"http://maps.google.com/maps?f=q&source=s_q&hl=de&geocode&q=Little+Shark+River&aq&sll=25.408392,-81.146736&sspn=0.138001,0.099049&ie=UTF8&hq&hnear=Little+Shark+River&ll=25.321063,-81.151543&spn=0.276201,0.198097&t=h&z=12"
Wir passieren,25.333476,-81.135063,Süden,,https://wiki.faltboot.org/wiki/index.php?title=Everglades_oder_die_vergebliche_Suche_nach_Manatees,"http://maps.google.com/maps?f=q&source=s_q&hl=de&geocode&q=Shark+River+Island,+FL,+United+States&aq=0&sll=25.300301,-81.025776&sspn=0.552494,0.396194&g=White+Water+Bay&ie=UTF8&hq&hnear=Shark+River+Island&ll=25.333476,-81.135063&spn=0.276172,0.198097&t=h&z=12"
"Vorsichtshalber fragt man uns dann doch noch, ob wir abreisen wollen, und sind e",26.046913,-81.734161,Süden,,https://wiki.faltboot.org/wiki/index.php?title=Everglades_oder_die_vergebliche_Suche_nach_Manatees,"http://maps.google.com/maps?f=d&source=s_d&saddr=Marco+Island,+Florida,+USA&daddr=Naples+Airport,+Naples,+FL,+United+States&hl=de&geocode=FUzSiwEd3iEh-yn7KTcQxvnaiDFRgKr48FkUtQ;Fd0QjwEdZEwg-yGgsl2PrawOEA&mra=ls&sll=26.042286,-81.747208&sspn=0.274534,0.198097&ie=UTF8&ll=26.046913,-81.734161&spn=0.274523,0.198097&t=h&z=12"
Außer einer Kolonie von Seeschwalben und einem Fischadlerhorst hat die Insel dan,25.940448,-81.714592,Süden,,https://wiki.faltboot.org/wiki/index.php?title=Everglades_oder_die_vergebliche_Suche_nach_Manatees,"http://maps.google.com/maps?f=q&source=s_q&hl=de&geocode&q=Marco+Island,+Florida,+USA&aq=0&sll=25.841612,-81.569023&sspn=0.275002,0.244446&ie=UTF8&hq&hnear=Marco+Island,+Collier+County,+Florida&ll=25.940448,-81.714592&spn=0.274772,0.244446&t=h&z=12"
Gorsk ist eventuell nicht direkt mit ÖPNV erreichbar. Man kommt mit Linienbus vo,51.485279,31.267385,Nordseeküste,,https://wiki.faltboot.org/wiki/index.php?title=Snow,"https://www.google.de/maps/place/51%C2%B029'07.0%22N+31%C2%B016'06.7%22E/@51.4852787,31.2673855,370m/data=!3m2!1e3!4b1!4m5!3m4!1s0x0:0x0!8m2!3d51.485277!4d31.26852?shorturl=1"
Dieser Bus fährt nur 2x täglich. Viel häufiger wird die Verbindung Чернигов — Го,51.694798,31.109009,Nordseeküste,,https://wiki.faltboot.org/wiki/index.php?title=Snow,"https://www.google.de/maps/dir/Tschernihiw,+Ukraine/Horodnja,+Tschernihiw,+Ukraine/@51.6947976,31.1090092,10z/am=t/data=!4m13!4m12!1m5!1m1!1s0x46d5488971ee3597:0x2a2348d3e76038b5!2m2!1d31.28935!2d51.4982!1m5!1m1!1s0x46d4d92f27c8f675:0xcf524622e0f744e5!2m2!1d31.5958531!2d51.8911132?shorturl=1"
"N 46.1419° - O 3.41081° km 290,1 laut DKV-Führer (Stand August 2007)",46.130244,3.417606,Nordseeküste,,"https://wiki.faltboot.org/wiki/index.php?title=Allier,_Gew%C3%A4sserbeschreibung","http://maps.google.de/maps?f=q&hl=de&geocode=&ie=UTF8&ll=46.130244,3.417606&spn=0.060553,0.133724&z=13&om=1"
Die POIs von der Rangerstation 'Splavište' bis zum Zusammenfluss von Tara und Pi,43.023726,19.210968,Nordseeküste,,https://wiki.faltboot.org/wiki/index.php?title=Tara_Kilometrierung,"https://maps.google.com/maps?q=http://home.arcor.de/Stochod/TaraPOIs.kmz&hl=en&ll=43.023726,19.210968&spn=0.963813,0.837708&sll=43.042798,19.210968&sspn=0.963514,0.837708&t=h&z=10"
"R große Mündung des Poprad , hier hat der Dunajec ein sehr ausgedehntes verzweig",49.58128,20.631509,Nordseeküste,,"https://wiki.faltboot.org/wiki/index.php?title=Dunajec,_Gew%C3%A4sserbeschreibung","http://maps.google.de/maps?f=q&source=s_q&hl=de&geocode=&q=http:%2F%2Fhome.arcor.de%2FStochod%2FDunajec2009.kmz&ie=UTF8&ll=49.58128,20.631509&spn=0.026545,0.052357&t=h&z=15"
Messstation метеостанция Томпа/Tompa (Nord-Baikal,53.584359,103.670676,Nordseeküste,,https://wiki.faltboot.org/wiki/index.php?title=Baikalsee,"https://www.google.de/maps/place/55%C2%B007'58.9%22N+109%C2%B043'41.3%22E/@53.5843591,103.6706759,1035871m/data=!3m1!1e3!4m5!3m4!1s0x0:0x0!8m2!3d55.1330394!4d109.7281309?shorturl=1"
Messstation Dorf Бабушкин/Babushkin (Süd-Baikal,51.900798,105.606074,Nordseeküste,,https://wiki.faltboot.org/wiki/index.php?title=Baikalsee,"https://www.google.de/maps/place/Babuschkin,+Burjatien,+Russland,+671230/@51.9007977,105.6060736,7.5z/data=!4m5!3m4!1s0x5daf5135515838db:0x4b9ecb3a8d994874!8m2!3d51.7129481!4d105.8730487?shorturl=1"
"54.674141,110.864904",54.674141,110.864904,Nordseeküste,,https://wiki.faltboot.org/wiki/index.php?title=Bargusin,"https://maps.google.com/maps?q=54.674141,110.864904&t=h&z=13"
"(Quelle: arctic.net-Daten von Хайластуй , einem Ort 22 km oh der Mündung des Chi",51.169133,107.003162,Nordseeküste,,https://wiki.faltboot.org/wiki/index.php?title=Chilok,"https://www.google.de/maps/place/51%C2%B010'11.5%22N+107%C2%B000'27.5%22E/@51.1691327,107.0031618,1547m/data=!3m1!1e3!4m5!3m4!1s0x0:0x0!8m2!3d51.1698668!4d107.0076472?shorturl=1"
Erste Eisenbahnstation am Chilok ist Тарбагатай am Beginn des Unterlaufes (,51.183522,109.088333,Nordseeküste,,https://wiki.faltboot.org/wiki/index.php?title=Chilok,"https://www.google.de/maps/place/%D0%A2%D0%B0%D1%80%D0%B1%D0%B0%D0%B3%D0%B0%D1%82%D0%B0%D0%B9/@51.1835221,109.0883325,4615m/data=!3m1!1e3!4m13!1m7!3m6!1s0x5daff7593afea2f3:0xe113d4f9c98350d0!2sTarbagatai,+Burjatien,+Russland,+671110!3b1!8m2!3d51.4751828!4d107.3783352!3m4!1s0x5db0a1328fdfa0a1:0x7149efd97b646c6e!8m2!3d51.1825998!4d109.1017002?shorturl=1"
"Усть-Обор , Drohnen-Video vom Beginn des Unterlaufes des Chilok (",50.914593,108.415456,Nordseeküste,,https://wiki.faltboot.org/wiki/index.php?title=Chilok,"https://www.google.de/maps/place/Ust'-Obor,+Region+Transbaikalien,+Russland,+673016/@50.9145931,108.4154557,26930m/data=!3m1!1e3!4m5!3m4!1s0x5dba688d9da3941d:0x7a016c0cdb693d8f!8m2!3d50.9252061!4d108.5625396?shorturl=1"
"Сплав по реке Хилок, маршрут Катангар - Катаево (",51.055202,108.666495,Nordseeküste,,https://wiki.faltboot.org/wiki/index.php?title=Chilok,"https://www.google.de/maps/dir/%D0%9A%D0%B0%D1%82%D0%B0%D0%B5%D0%B2%D0%BE,+Region+Transbaikalien,+Russland/Katangar,+Region+Transbaikalien,+Russland,+673018/@51.055202,108.6664946,11z/am=t/data=!4m14!4m13!1m5!1m1!1s0x5dba6eb17529ba7b:0x304ef49ccf570742!2m2!1d108.66255!2d50.9421019!1m5!1m1!1s0x5dba0dc8ae91bfdf:0x703f2f9f3e49b60d!2m2!1d108.958316!2d51.0120033!3e0?shorturl=1"
"Überblickskarte des Nationalparks 'Yugyd va' , (veraltete?)",64.215937,59.117432,Nordseeküste,,https://wiki.faltboot.org/wiki/index.php?title=Schtschugor,"https://maps.google.de/maps?q=http://home.arcor.de/Livlandfahrer/yugyd-va.kmz&hl=de&ll=64.215937,59.117432&spn=3.978613,8.371582&sll=45.416768,8.945618&sspn=0.802027,1.046448&t=h&z=7"
"Berlin - Вуктыл , 3400 km in 47h. Dies ist die kürzeste Route, aber nur für völl",55.72711,38.012695,Nordseeküste,,https://wiki.faltboot.org/wiki/index.php?title=Schtschugor,"https://maps.google.com/maps?saddr=Berlin,+Germany&daddr=51.583206,33.5265772+to:58.8630669,49.4266708+to:59.5397291,49.3841867+to:61.2786721,50.5027456+to:%D0%A0%D0%BE%D1%81%D1%81%D0%B8%D1%8F,+%D0%9A%D0%BE%D0%BC%D0%B8+%D0%A0%D0%B5%D0%BF%D1%83%D0%B1%D0%BB%D0%B8%D1%86,+%D0%92%D1%83%D0%BA%D1%82%D1%8B%D0%BB&hl=en&ie=UTF8&ll=55.72711,38.012695&spn=24.872355,67.631836&sll=59.181557,44.912109&sspn=5.61521,16.907959&geocode=Fe39IAMdvE_NACnz8pxxK06oRzGG0VeMpY-6jQ;FeYYEwMdMZP_ASnpzc-Ezr0rQTEvy8Wue7R72Q;FdotggMd7jDyAikX9e3gy2n8QzG-nQwB7vzogg;FRGBjAMd-orxAimhH6ixTFH5QzFkQm8E6Bcwyg;FdAJpwMdWZwCAynbo2a2POj3QzFFeyceyGHDwQ;FRtgzgMdBHlqAymxRJ_ppRp2RDERvvFOYJxDtw&oq=Berlin&mra=dpe&mrsp=2&sz=7&via=1,2,3,4&t=m&z=5"
In Вуктыл gibt es ein Büro des Nationalparks НП «Югыд ва» in der ул. Комсомольск,63.847235,57.306655,Nordseeküste,,https://wiki.faltboot.org/wiki/index.php?title=Schtschugor,"https://maps.google.de/maps?q=63.847235,57.306655&hl=en&ll=63.847233,57.306651&spn=0.004857,0.016512&sll=51.175806,10.454119&sspn=14.163148,33.815918&t=h&z=17"
"54.5735,33.3057",54.573536,33.305788,Nordseeküste,,https://wiki.faltboot.org/wiki/index.php?title=Desna_Kilometrierung,"https://maps.google.com/maps?q=54.57353569532098,33.305788478457&t=h&z=13"
Vom Quellgebiet bis,51.035889,25.159378,Nordseeküste,,https://wiki.faltboot.org/wiki/index.php?title=Stochid,"http://maps.google.de/?ie=UTF8&z=13&ll=51.035889,25.159378&spn=0.097152,0.214577&t=h&om=1"
Von Linevka bis,51.246766,25.217228,Nordseeküste,,https://wiki.faltboot.org/wiki/index.php?title=Stochid,"http://maps.google.de/?ie=UTF8&t=h&om=1&z=13&ll=51.246766,25.217228&spn=0.096709,0.214577"
"Nachdem dann einmal ein schöner Landgang möglich war (Waypoints 038, 040)",51.808509,25.600376,Nordseeküste,,https://wiki.faltboot.org/wiki/index.php?title=Stochid,"http://maps.google.de/?ie=UTF8&t=h&om=1&z=12&ll=51.808509,25.600376&spn=0.191046,0.429153"
"Der Pripijat selber ist einfach befahrbar, es könnte höchstens an trockenen Biwa",51.876809,25.862675,Nordseeküste,,https://wiki.faltboot.org/wiki/index.php?title=Stochid,"http://maps.google.de/?ie=UTF8&t=h&om=1&z=14&ll=51.876809,25.862675&spn=0.047689,0.107288"
Satellitenbilder natürlich in jetzt relativ guter Auflösung bei,51.406916,25.31662,Nordseeküste,,https://wiki.faltboot.org/wiki/index.php?title=Stochid-Details,"http://maps.google.com/?ie=UTF8&z=11&ll=51.406916,25.31662&spn=0.376921,0.858307&t=k&om=1"
Der Fluß entspringt auf der Podolischen Platte in 320 müNN 3km WNW vom Dorf Chol,48.748266,29.173851,Nordseeküste,,https://wiki.faltboot.org/wiki/index.php?title=S%C3%BCdlicher_Bug,"http://maps.google.de/maps?f=q&source=s_q&hl=de&q=Ladyschyn,+Winnyzja,+Ukraine&sll=49.233333,28.483333&sspn=0.168361,0.308647&g=%D0%92%D1%96%D0%BD%D0%BD%D0%B8%D1%86%D1%8F&ie=UTF8&cd=1&geocode=FY6u5gIdyIm-AQ&split=0&hq=&hnear=Ladyschyn,+Winnyzja,+Ukraine&ll=48.748266,29.173851&spn=0.170008,0.308647&t=h&z=12"
Luftwaffe-Sperrgebiet,51.7732,27.4606,Nordseeküste,,https://wiki.faltboot.org/wiki/index.php?title=Stwiga,https://www.openstreetmap.org/#map=13/51.7732/27.4606
"An der Brücke bei Азярани (Озераны, Straße Р128, Google-Map ) lässt sich die Fah",52.050427,29.212708,Nordseeküste,,https://wiki.faltboot.org/wiki/index.php?title=Stwiga,"https://www.google.de/maps/dir/Dzerzhinsk,+Belarus/Avtovokzal+Mazyr,+Ulitsa+Shosseynaya,+Mazyr+247760,+Belarus/@52.0504269,29.2127082,8167m/am=t/data=!3m1!1e3!4m15!4m14!1m5!1m1!1s0x472844d7172be337:0x3e8b21adc380e1a4!2m2!1d27.5500008!2d51.6722458!1m5!1m1!1s0x46d6117dc49a3a77:0x142682e469bfe5f4!2m2!1d29.2252771!2d52.045513!3e0!5i1?shorturl=1"
Straße Libreville - Makokou 549km (,0.152315,10.010916,Nordseeküste,,https://wiki.faltboot.org/wiki/index.php?title=Bouniandje_-_Mounianze,"https://www.google.de/maps/dir/Flughafen+Libreville+Leon+M'ba,+Libreville,+Gabun/Makokou,+Gabun/@0.1523152,10.0109158,346941m/am=t/data=!3m1!1e3!4m14!4m13!1m5!1m1!1s0x107f24d8ae87dc81:0x292fc41457828f43!2m2!1d9.4111563!2d0.4576497!1m5!1m1!1s0x1082fe4667696681:0x45fcd99eb4d48dd3!2m2!1d12.857236!2d0.5633173!3e0?shorturl=1"
anschließend 161km unbefestigte Straße nach SO zum vill. Tébé an der Einsatzstel,0.213295,12.78927,Nordseeküste,,https://wiki.faltboot.org/wiki/index.php?title=Bouniandje_-_Mounianze,"https://www.google.de/maps/dir/0.565139,12.849327/-0.0126359,13.6617972/@0.2132953,12.7892703,173470m/am=t/data=!3m1!1e3!4m2!4m1!3e0?shorturl=1"
Finish in,0.557611,12.831931,Nordseeküste,,https://wiki.faltboot.org/wiki/index.php?title=Bouniandje_-_Mounianze,"https://www.google.de/maps/place/0%C2%B000'42.0%22S+13%C2%B039'40.8%22E/@0.5576111,12.831931,11682m/data=!3m1!1e3!4m6!3m5!1s0x0:0x0!7e2!8m2!3d-0.0116533!4d13.6613336?shorturl=1"
Ende der Bootstour wäre auch möglich an den Wasserfällen,0.287698,12.566255,Nordseeküste,,https://wiki.faltboot.org/wiki/index.php?title=Bouniandje_-_Mounianze,"https://www.google.de/maps/place/Camp+Kongou,+Agence+Nationale+Des+Parcs+Nationaux/@0.2876977,12.566255,6593m/data=!3m1!1e3!4m5!3m4!1s0x108269f54c07fc55:0x333890da86861fa2!8m2!3d0.2892911!4d12.5725704?shorturl=1"
"Paddeln in Gabun auf Ivindo und Ogooué, 2018?. ""Keine Hippos und Krokos bis",-0.185823,10.74729,Nordseeküste,,https://wiki.faltboot.org/wiki/index.php?title=Bouniandje_-_Mounianze,"https://www.google.de/maps/place/Ndjole,+Gabun/@-0.1858231,10.7472895,6261m/data=!3m2!1e3!4b1!4m6!3m5!1s0x1a7fe505e75224c9:0xc223f85a16ed55d6!8m2!3d-0.1882802!4d10.7605239!16zL20vMDV4bmhx?coh=164777&entry=tt&shorturl=1"
stimmt das auch?: Die Société gabonaise de Transport fährt täglich 1 oder 2 Buss,0.152315,10.029577,Nordseeküste,,https://wiki.faltboot.org/wiki/index.php?title=Bouniandje_-_Mounianze,"https://www.google.de/maps/dir/Pharmacie+Gare+Routi%C3%A8re,+Libreville,+Gabun/Gare+Routi%C3%A8re+de+Mbolo,+Makokou,+Gabun/@0.1523151,10.0295766,8z/am=t/data=!4m14!4m13!1m5!1m1!1s0x107f3b83d79720c1:0x3df82fb8aa9f3500!2m2!1d9.4504795!2d0.4040724!1m5!1m1!1s0x1082fffb8267b22f:0x2b70322e05b5b6d2!2m2!1d12.8555945!2d0.5600869!3e0?shorturl=1"
Mountain River NWT,65.229102,-128.781738,Nordseeküste,,"https://wiki.faltboot.org/wiki/index.php?title=Mountain_River,_Northwest_Territories,_Canada","https://www.google.com/maps/d/viewer?mid=1euc-MOHvhGnBDpQWmTI8bwEcrrc&msa=0&ll=65.229102,-128.781738&spn=1.825363,4.004517"
"Beispiel Bus São Paulo - Rondonópolis (Fahrzeit ~1d, Preise 74-93€ für mindesten",-19.931602,-55.254812,Nordseeküste,,https://wiki.faltboot.org/wiki/index.php?title=Pantanal,"https://www.google.de/maps/dir/Rodovi%C3%A1ria+Barra+funda+-+R.+Jorn.+Aloysio+Biondi,+82+-+Barra+Funda,+S%C3%A3o+Paulo+-+SP,+Brasilien/Rondon%C3%B3polis+-+Jardim+Belo+Horizonte,+Rondon%C3%B3polis+-+Mato+Grosso,+Brasilien/@-19.9316019,-55.2548118,6z/am=t/data=!3m1!4b1!4m14!4m13!1m5!1m1!1s0x94ce59e584d98add:0x1f712e9dbd013f9e!2m2!1d-46.6663007!2d-23.524531!1m5!1m1!1s0x9379c907714e8a3f:0x3b4521d6c2f6b82f!2m2!1d-54.66099!2d-16.45299!3e0?shorturl=1"
"Abfahrt am Busbahnhof Rodoviária de São Paulo (Barra Funda), Auro Soares de Mour",-23.524531,-46.668489,Nordseeküste,,https://wiki.faltboot.org/wiki/index.php?title=Pantanal,"https://www.google.de/maps/place/Rodovi%C3%A1ria+Barra+funda/@-23.524531,-46.6684894,17z/data=!3m1!4b1!4m5!3m4!1s0x94ce59e584d98add:0x1f712e9dbd013f9e!8m2!3d-23.524531!4d-46.6663007?shorturl=1"
"Abfahrt am Busbahnhof Rodoviária de São Paulo (Barra Funda), Auro Soares de Mour",-23.475565,-46.645218,Nordseeküste,,https://wiki.faltboot.org/wiki/index.php?title=Pantanal,"https://www.google.de/maps/dir/Terminal+2+Embarque+-+Aeroporto,+Guarulhos+-+SP,+Brasilien/Rodovi%C3%A1ria+Barra+funda+-+R.+Jorn.+Aloysio+Biondi,+82+-+Barra+Funda,+S%C3%A3o+Paulo+-+SP,+Brasilien/@-23.4755649,-46.645218,12z/am=t/data=!4m14!4m13!1m5!1m1!1s0x94ce8af9abab0411:0x2e00732853b07804!2m2!1d-46.4817755!2d-23.4257951!1m5!1m1!1s0x94ce59e584d98add:0x1f712e9dbd013f9e!2m2!1d-46.6663007!2d-23.524531!3e0?shorturl=1"
"Ankunft Terminal Rodoviário Alberto Luz, Rondonópolis - MT, Brasilien (",-16.453108,-54.661949,Nordseeküste,,https://wiki.faltboot.org/wiki/index.php?title=Pantanal,"https://www.google.de/maps/place/Terminal+Rodovi%C3%A1rio+Alberto+Luz+-+Rondon%C3%B3polis+-+MT/@-16.4531083,-54.6619492,325m/data=!3m1!1e3!4m5!3m4!1s0x9379c907714e8a3f:0x3b4521d6c2f6b82f!8m2!3d-16.45299!4d-54.66099?shorturl=1"
"Unterkunft in Rondonopolis zB Hotel Tuti Bororo , Rua Floriano Peixoto 711 (Cent",-16.475572,-54.637746,Nordseeküste,,https://wiki.faltboot.org/wiki/index.php?title=Pantanal,"https://www.google.de/maps/dir/Rua+Floriano+Peixoto,+711+-+Centro,+Rondon%C3%B3polis+-+Mato+Grosso,+Brasilien/Cais+-+Centro,+Rondon%C3%B3polis+-+MT,+78700-010,+Brasilien/@-16.4755716,-54.6377463,1025m/am=t/data=!3m2!1e3!4b1!4m14!4m13!1m5!1m1!1s0x9379c83eacfaaaab:0x7ac798dab5223d00!2m2!1d-54.6367886!2d-16.4735212!1m5!1m1!1s0x9379c83cc4612ce7:0x2760065936bcd20a!2m2!1d-54.6349419!2d-16.4778067!3e0?shorturl=1"
"Beispiel Bus Brasília - Rondonópolis (Fahrzeit ~15:15h, Preise 50-57€ für 915km)",-15.830203,-47.951991,Nordseeküste,,https://wiki.faltboot.org/wiki/index.php?title=Pantanal,"https://www.google.de/maps/place/Rodovi%C3%A1ria+Interestadual+de+Bras%C3%ADlia/@-15.8302028,-47.951991,652m/data=!3m2!1e3!4b1!4m5!3m4!1s0x935a31b30442e043:0xe6c3e637cce9cd4!8m2!3d-15.8302028!4d-47.9498023?shorturl=1"
"Beispiel Bus Brasília - Rondonópolis (Fahrzeit ~15:15h, Preise 50-57€ für 915km)",-15.857033,-47.968536,Nordseeküste,,https://wiki.faltboot.org/wiki/index.php?title=Pantanal,"https://www.google.de/maps/dir/Embarque+-+Lago+Sul,+Bras%C3%ADlia+-+DF,+70297-400,+Brasilien/SPO+Rodovi%C3%A1ria+Interestadual+de+Bras%C3%ADlia+-+Bras%C3%ADlia,+DF,+70297-400,+Brasilien/@-15.8570329,-47.9685365,8770m/am=t/data=!3m1!1e3!4m14!4m13!1m5!1m1!1s0x935a25875eacf4c1:0x794063e9928e6a84!2m2!1d-47.9214556!2d-15.8699906!1m5!1m1!1s0x935a31b30442e043:0xe6c3e637cce9cd4!2m2!1d-47.9498023!2d-15.8302028!3e0?shorturl=1"
Quecksilberbelastung des Wassers durch Goldbergbau rund ums Pantanal? Bisher fin,-16.270728,-56.68562,Nordseeküste,,https://wiki.faltboot.org/wiki/index.php?title=Pantanal,"https://www.google.de/maps/place/16%C2%B016'38.2%22S+56%C2%B038'04.2%22W/@-16.2707282,-56.6856202,27554m/data=!3m1!1e3!4m14!1m7!3m6!1s0x0:0x0!2zMTbCsDE2JzAyLjAiUyA1NsKwMzcnMzUuNSJX!3b1!8m2!3d-16.267214!4d-56.626531!3m5!1s0x0:0x0!7e2!8m2!3d-16.2772794!4d-56.6345035?shorturl=1"
"Bedenklich: Goldgehalt im Pelz von Jaguaren , Karte mit den Orten von Gold Minin",-17.321792,-57.394217,Nordseeküste,,https://wiki.faltboot.org/wiki/index.php?title=Pantanal,"https://www.google.de/maps/place/17%C2%B019'18.7%22S+56%C2%B044'03.0%22W/@-17.3217919,-57.394217,306464m/data=!3m1!1e3!4m6!3m5!1s0x0:0x0!7e2!8m2!3d-17.3218503!4d-56.7341589?shorturl=1"
"-17,337822,-56,770284",-17.337822,-56.770284,Nordseeküste,,https://wiki.faltboot.org/wiki/index.php?title=Pantanal_Kilometrierung,"https://maps.google.com/maps?q=-17.3378218,-56.7702842&t=h&z=13"
"-17,787247,-57,235252",-17.787247,-57.235252,Nordseeküste,,https://wiki.faltboot.org/wiki/index.php?title=Pantanal_Kilometrierung,"https://maps.google.com/maps?q=-17.7872472,-57.2352519&t=h&z=13"
"-17,854965,-57,445686",-17.854965,-57.445686,Nordseeküste,,https://wiki.faltboot.org/wiki/index.php?title=Pantanal_Kilometrierung,"https://maps.google.com/maps?q=-17.854964884176077,-57.44568588495256&t=h&z=13"
Quelle: Open Street,51.33,10.453,Gewässer,,"https://wiki.faltboot.org/wiki/index.php?title=Datei:Karte_Schwielochsee_zu_J%C3%BCrgen_Noack,_Paddelerlebnisse.JPG",https://www.openstreetmap.org/#map=5/51.330/10.453
Kanuverleih,53.774665,11.741269,Germany,,https://www.openstreetmap.org/node/286351027,"https://www.google.com/maps?q=53.774665,11.741269"
Launch,60.940325,25.970049,Norway,,https://www.openstreetmap.org/node/599590322,"https://www.google.com/maps?q=60.940325,25.970049"
Canoe,36.924182,28.924555,Greece,,https://www.openstreetmap.org/node/1022259018,"https://www.google.com/maps?q=36.924182,28.924555"
kayaker.ru,60.003559,30.331316,Norway,,https://www.openstreetmap.org/node/2680109527,"https://www.google.com/maps?q=60.003559,30.331316"
sun sport,48.095977,17.110691,Austria,,https://www.openstreetmap.org/node/4018186017,"https://www.google.com/maps?q=48.095977,17.110691"
Arche de Noé,44.398809,4.391339,France,,https://www.openstreetmap.org/node/4349809569,"https://www.google.com/maps?q=44.398809,4.391339"
Soca Rider-Rafting Slovenia,46.338566,13.563057,Slovenia,,https://www.openstreetmap.org/node/4935889395,"https://www.google.com/maps?q=46.338566,13.563057"
Wypożyczalnia Kajaków Martin,52.519368,20.679575,Poland,,https://www.openstreetmap.org/node/6567711280,"https://www.google.com/maps?q=52.519368,20.679575"
Stockholmkajak,59.452597,17.924576,Norway,,https://www.openstreetmap.org/node/6633026090,"https://www.google.com/maps?q=59.452597,17.924576"
vodnetury.sk,47.984387,17.357671,Slovakia,,https://www.openstreetmap.org/node/7376300201,"https://www.google.com/maps?q=47.984387,17.357671"
Njord Aventure,48.762323,-3.453508,France,,https://www.openstreetmap.org/node/7534118538,"https://www.google.com/maps?q=48.762323,-3.453508"
Kanustation Elbtalaue,52.985561,11.677029,Germany,,https://www.openstreetmap.org/node/7647283562,"https://www.google.com/maps?q=52.985561,11.677029"
Wypożyczalnia kajaków AS-Tour baza w Hucie Kalnej,53.844281,18.212674,Poland,,https://www.openstreetmap.org/node/7797245659,"https://www.google.com/maps?q=53.844281,18.212674"
Canoyak,44.405009,4.393351,France,,https://www.openstreetmap.org/node/8977983974,"https://www.google.com/maps?q=44.405009,4.393351"
Ceven aventure cabane canoë,44.414978,4.154369,France,,https://www.openstreetmap.org/node/8996543717,"https://www.google.com/maps?q=44.414978,4.154369"
Sea Kayak Italy,42.804867,10.194928,Italy,,https://www.openstreetmap.org/node/9007791726,"https://www.google.com/maps?q=42.804867,10.194928"
Galaxy Kayaks,36.691288,-4.468838,Spain,,https://www.openstreetmap.org/node/9055772297,"https://www.google.com/maps?q=36.691288,-4.468838"
FaceSud,44.413271,4.368608,France,,https://www.openstreetmap.org/node/9880925514,"https://www.google.com/maps?q=44.413271,4.368608"
Pitch,37.877076,15.177234,Italy,,https://www.openstreetmap.org/node/10737752514,"https://www.google.com/maps?q=37.877076,15.177234"
Seeweide Naturcampingplatz Penzlin,53.487668,13.095104,Germany,,https://www.openstreetmap.org/node/10744413153,"https://www.google.com/maps?q=53.487668,13.095104"
Marsport Canoes & Kayaks,51.640505,-1.856561,UK,,https://www.openstreetmap.org/node/10997585231,"https://www.google.com/maps?q=51.640505,-1.856561"
ASKÖ Kajakverein Donau Linz,48.319966,14.294805,Austria,,https://www.openstreetmap.org/node/11043621208,"https://www.google.com/maps?q=48.319966,14.294805"
Wassersportverein Rheinhausen 1927 e.V.,51.414631,6.72823,Netherlands,,https://www.openstreetmap.org/node/11052952742,"https://www.google.com/maps?q=51.414631,6.72823"
НОСШОР по гребному спорту,56.317917,44.046306,Europe,,https://www.openstreetmap.org/node/11659920840,"https://www.google.com/maps?q=56.317917,44.046306"
Canoe,49.387952,-1.528695,France,,https://www.openstreetmap.org/node/12076712336,"https://www.google.com/maps?q=49.387952,-1.528695"
Minijos baidarės,55.918301,21.47886,Sweden,,https://www.openstreetmap.org/node/12142388985,"https://www.google.com/maps?q=55.918301,21.47886"
Aqua Verdon,43.847659,6.512054,France,,https://www.openstreetmap.org/node/12812456986,"https://www.google.com/maps?q=43.847659,6.512054"
Cannibals Kayak House,37.906484,23.742656,Greece,,https://www.openstreetmap.org/node/13610155323,"https://www.google.com/maps?q=37.906484,23.742656"
Canoë Raid Aventure,46.950833,3.072367,France,,https://www.openstreetmap.org/node/13727609739,"https://www.google.com/maps?q=46.950833,3.072367"
GESN Canoë-Kayak,48.052792,6.587545,Germany,,https://www.openstreetmap.org/node/13728338814,"https://www.google.com/maps?q=48.052792,6.587545"
Kocher,49.248956,9.758605,Germany,,https://www.openstreetmap.org/way/23925256,"https://www.google.com/maps?q=49.248956,9.758605"
Jack Cuthill Building,56.656601,-3.774085,UK,,https://www.openstreetmap.org/way/28449763,"https://www.google.com/maps?q=56.656601,-3.774085"
Kanu-Connection,52.578207,13.30698,Germany,,https://www.openstreetmap.org/way/28610779,"https://www.google.com/maps?q=52.578207,13.30698"
KanuSportGemeinschaft e.V. Köln,50.918172,6.979784,Netherlands,,https://www.openstreetmap.org/way/34667112,"https://www.google.com/maps?q=50.918172,6.979784"
Bear & Water,60.261205,25.235521,Norway,,https://www.openstreetmap.org/way/35062695,"https://www.google.com/maps?q=60.261205,25.235521"
Kanu Club Mehlem,50.65626,7.199052,Germany,,https://www.openstreetmap.org/way/83474165,"https://www.google.com/maps?q=50.65626,7.199052"
SC Bayer 05,51.339266,6.683677,Netherlands,,https://www.openstreetmap.org/way/120342013,"https://www.google.com/maps?q=51.339266,6.683677"
Outdoortours Walter Mamedorf,46.612694,13.810827,Austria,,https://www.openstreetmap.org/way/162106852,"https://www.google.com/maps?q=46.612694,13.810827"
Kocher,49.211983,9.780216,Germany,,https://www.openstreetmap.org/way/220908270,"https://www.google.com/maps?q=49.211983,9.780216"
TV Lilienthal von 1862 e.V.,53.143716,8.910692,Germany,,https://www.openstreetmap.org/way/252957769,"https://www.google.com/maps?q=53.143716,8.910692"
Ruderverein Höxter von 1898 e.V.,51.768916,9.383779,Germany,,https://www.openstreetmap.org/way/287540026,"https://www.google.com/maps?q=51.768916,9.383779"
Canoe,42.120041,2.755774,France,,https://www.openstreetmap.org/way/324213519,"https://www.google.com/maps?q=42.120041,2.755774"
Garden,47.372273,-3.224961,France,,https://www.openstreetmap.org/way/497614003,"https://www.google.com/maps?q=47.372273,-3.224961"
Gadermann,53.68902,10.048086,Germany,,https://www.openstreetmap.org/way/598645734,"https://www.google.com/maps?q=53.68902,10.048086"
DJH Lahntal-Jugendherberge,50.336853,7.719027,Germany,,https://www.openstreetmap.org/way/727278467,"https://www.google.com/maps?q=50.336853,7.719027"
Fairway,60.822332,30.010147,Norway,,https://www.openstreetmap.org/way/1149905503,"https://www.google.com/maps?q=60.822332,30.010147"
Wasser-Sport-Club Rheintreue Rheinsheim,49.239023,8.398368,Germany,,https://www.openstreetmap.org/way/1279651944,"https://www.google.com/maps?q=49.239023,8.398368"
